{"0": 0.886604645277199, "1": 0.8974603916073662, "2": 0.8816043204244615, "3": 0.843768965528592, "4": 0.8322564155252379, "5": 0.943863500146914, "6": 0.8954772443597755, "7": 0.8858158814087418, "8": 0.6899854823105482, "9": 0.8078426583674229}