{"1": 0.14876033057851237, "2": 0.214320987654321, "7": 0.038400000000000004, "8": 0.19281663516068043, "5": 0.09, "0": 0.2385204081632653, "6": 0.2085048010973937, "9": 0.08616780045351474, "11": 0.06632653061224487, "10": 0.13296398891966757, "3": 0.2253061224489796, "12": 0.24852071005917153, "13": 0.21301775147928995, "4": 0.2490234375}