{"0": 4.477872135875661, "1": 4.471199338684052, "2": 4.456911034424711, "3": 4.259387715268081, "4": 4.52929382936066, "5": 4.392310430758276, "6": 4.260802062554104, "7": 3.7165326055731125, "8": 4.326531335246396, "9": 3.8453089947868824}